variable,tpbaixc1m,procel1,iad1,cm1,sajudmag1,cn1,g1,h1,ano
tpbaixc1m,1.0,-0.32781863998194544,0.13673690030423594,0.31221429375621046,0.31651333873452847,0.20411960182872851,0.2941239782859554,0.129149756980058,-0.0799229569279947
procel1,-0.32781863998194544,1.0,-0.010641651010588353,-0.06222194991781511,-0.1778886105358036,-0.041091548174313604,-0.23643691383778342,-0.08393694982075549,0.44012977258882235
iad1,0.13673690030423594,-0.010641651010588353,1.0,-0.11782421455613065,-0.09478934718587192,-0.02662276522107015,-0.08678589269290858,-0.08371405171667647,0.030530511800617503
cm1,0.31221429375621046,-0.06222194991781511,-0.11782421455613065,1.0,0.46853300027191486,0.572227716303677,0.12683846677290805,0.27301644200359926,-0.0859987783844166
sajudmag1,0.31651333873452847,-0.1778886105358036,-0.09478934718587192,0.46853300027191486,1.0,0.2695814332844064,0.49237165515990544,0.21571523697977554,0.021423466048152102
cn1,0.20411960182872851,-0.041091548174313604,-0.02662276522107015,0.572227716303677,0.2695814332844064,1.0,-0.027181740857397725,0.4823070254511751,0.031205009134399796
g1,0.2941239782859554,-0.23643691383778342,-0.08678589269290858,0.12683846677290805,0.49237165515990544,-0.027181740857397725,1.0,-0.43005593706478823,-0.08107765295723426
h1,0.129149756980058,-0.08393694982075549,-0.08371405171667647,0.27301644200359926,0.21571523697977554,0.4823070254511751,-0.43005593706478823,1.0,0.010489470100451086
ano,-0.0799229569279947,0.44012977258882235,0.030530511800617503,-0.0859987783844166,0.021423466048152102,0.031205009134399796,-0.08107765295723426,0.010489470100451086,1.0
