ano,rows,mean_target,mean_digitalization,mean_new_cases
2015,52,679.8677353920222,0.6374029955111256,279190.75
2016,56,705.3633859079447,0.7596380185841222,285705.60714285716
2017,56,888.8706041696297,0.8269377696671698,294226.66071428574
2018,56,782.3469419751049,0.8921147560991776,275402.48214285716
2019,56,790.1526896221859,0.9071681926435929,284363.26785714284
2020,56,652.8502967573637,0.9783863222359945,257431.64285714287
2021,56,668.549406782977,0.9913544556271686,292485.89285714284
2022,57,664.0029555679541,0.9961979003601807,327868.94736842107
2023,57,612.6262408428714,0.9984821038543692,356257.1403508772
