ano,justica,sigla,dsc_tribunal,tpbaixc1m,g1,h1,procel1,iad1,cm1,sajudmag1,cn1
2015,Estadual,TJAC,TJ - Acre,548.252356737146,0.0197133237348952,803513,0.999607783979484,1.07360828555576,625.377358490566,14.7358490566038,43256
2015,Estadual,TJAL,TJ - Alagoas,1165.33352019101,0.0099991015931419,3340932,1.0,0.873070485400781,870.720430107527,10.741935483871,86032
2015,Estadual,TJAP,TJ - Amapá,654.463907603465,0.0193001560547315,766679,0.0,1.47419045396801,681.7,15.425,38571
2015,Estadual,TJBA,TJ - Bahia,1592.39391687457,0.0093676265247867,15203333,0.754985717704065,0.635120484034554,1347.42569269521,10.6977329974811,543267
2015,Estadual,TJDFT,TJ - Distrito Federal,452.488010124127,0.0103127925137781,2914830,0.0,1.02844536437238,867.761904761905,15.3939393939394,234801
2015,Estadual,TJES,TJ - Espírito Santo,1371.36210220124,0.0104665290138469,3929911,0.047246839507532,1.10745641540198,633.732558139535,10.0968992248062,191352
2015,Estadual,TJGO,TJ - Goiás,1068.48214231842,0.0109192567985225,6610681,0.150687432467678,1.07242128159455,1113.65145228216,14.2904564315353,286877
2015,Estadual,TJMA,TJ - Maranhão,908.880056341381,0.0122137036077097,6904241,0.0096249511423799,0.697725543248499,1037.52995391705,14.3133640552995,248367
2015,Estadual,TJMG,TJ - Minas Gerais,703.480124905695,0.0089129639460935,20869101,0.207858259510162,1.02102323824598,1307.78335724534,14.9569583931133,1111960
2015,Estadual,TJMS,TJ - Mato Grosso do Sul,719.707708907805,0.0093700714796245,2651235,1.0,0.875069639839138,1354.67647058824,13.7205882352941,213599
2015,Estadual,TJMT,TJ - Mato Grosso,1405.95081653292,0.0099739747242779,3265486,0.192015275734006,1.16765873015873,930.717391304348,13.125,184464
2015,Estadual,TJPA,TJ - Pará,1183.0553569072,0.0078972089565336,8175113,0.0048994725342632,0.931999920924394,689.140684410646,10.4942965779468,202338
2015,Estadual,TJPB,TJ - Paraíba,858.024319711098,0.0128805736128287,3972202,0.362426672853213,1.01734020114328,615.775510204082,10.780612244898,130852
2015,Estadual,TJPE,TJ - Pernambuco,1315.03604617723,0.0084201572097537,9345173,0.189163022311854,1.06222363249263,726.023872679045,12.4137931034483,293088
2015,Estadual,TJPI,TJ - Piauí,1903.13602931049,0.0124143244686067,3204028,0.0,1.09220985691574,673.863247863248,12.017094017094,80512
2015,Estadual,TJRJ,TJ - Rio de Janeiro,1697.18095303106,0.0067762793284315,16550024,0.233891747611475,1.12818146519559,2232.83173996176,18.7762906309751,1285139
2015,Estadual,TJRN,TJ - Rio Grande do Norte,1022.0,0.0133595986155894,3442175,0.560100680863393,0.678197218958088,856.186046511628,12.4418604651163,122544
2015,Estadual,TJRO,TJ - Rondônia,509.485187897018,0.0138728273571736,1768204,0.183998153189115,1.10820129532181,1009.34951456311,13.9320388349515,138344
2015,Estadual,TJRR,TJ - Roraima,635.966787899292,0.0158191613387779,505665,0.612275871805732,1.27198706643151,1049.33333333333,13.5555555555556,34020
2015,Estadual,TJRS,TJ - Rio Grande do Sul,773.406501995258,0.0068953000730408,11247972,0.0022701232505595,1.18608019442395,870.451398135819,7.1051930758988,733243
2015,Estadual,TJSC,TJ - Santa Catarina,986.537285173318,0.0068398254247049,6819190,0.98852472843337,0.86981020840875,1298.36887608069,11.8414985590778,483425
2015,Estadual,TJSE,TJ - Sergipe,491.404266223849,0.0124339477973057,2242937,0.474663845170392,1.00973822862942,907.32,12.592,143866
2015,Estadual,TJSP,TJ - São Paulo,1195.12969378528,0.0051991132037824,44396485,0.705628366653645,1.1444316394188,1486.58622589532,15.8804407713499,3204471
2015,Estadual,TJTO,TJ - Tocantins,955.028538901395,0.0169551446587571,1515126,1.0,1.10071426241806,886.193181818182,11.5795454545455,91983
2015,Federal,TRF1,TRF 1ª Região,712.253989049426,0.0026176009878591,55575235,0.0510384281365114,0.572425995582966,1035.94314381271,14.304347826087,314238
2015,Federal,TRF2,TRF 2ª Região,794.88306828812,0.002002682243012,20479935,0.911823310325114,0.980227466335879,738.776397515528,13.2546583850932,133822
2015,Federal,TRF3,TRF 3ª Região,900.002420615576,0.0010578967928463,47047720,0.0007896482808868,1.16834925500936,982.716,10.76,305977
2015,Federal,TRF4,TRF 4ª Região,496.797132681762,0.001871659812699,29230180,0.99999526073089,0.784130316134179,959.104545454545,11.5318181818182,238190
2015,Trabalho,TRT1,TRT 01ª Região,527.0,0.0028277279919913,16550024,0.995307560913357,1.16182831449289,972.003816793893,7.95038167938931,315810
2015,Trabalho,TRT10,TRT 10ª Região,234.0,0.0021124926935756,4429956,0.432286726111427,0.941771995807386,832.263157894737,7.02631578947368,81095
2015,Trabalho,TRT11,TRT 11ª Região,213.0,0.0042220223572513,4444001,0.992314290038849,1.01566745154863,1292.63043478261,8.15217391304348,77294
2015,Trabalho,TRT12,TRT 12ª Região,383.0,0.0025911774068708,6819190,0.597427093451399,0.998815133970648,894.323232323232,7.66666666666667,111405
2015,Trabalho,TRT13,TRT 13ª Região,100.0,0.0069813299945324,3972202,0.9988698927847,0.638358052861761,663.653846153846,7.82692307692308,42072
2015,Trabalho,TRT14,TRT 14ª Região,228.0,0.0058836442224073,2571717,0.994793066380005,1.04251946987293,633.36170212766,7.21276595744681,36595
2015,Trabalho,TRT15,TRT 15ª Região,289.0,0.0017013251579607,21842585,0.997239064870957,1.34484470232326,1027.98058252427,7.55016181229773,382781
2015,Trabalho,TRT16,TRT 16ª Região,321.0,0.0025264222418992,6904241,0.996482967096849,1.05843657703962,955.666666666667,6.91666666666667,52142
2015,Trabalho,TRT17,TRT 17ª Região,702.0,0.002219789277177,3929911,0.999655605028167,0.854989340226025,767.0,7.09433962264151,53003
2015,Trabalho,TRT18,TRT 18ª Região,203.0,0.002359066359812,6610681,0.82532027972028,0.884234481393864,1103.3950617284,9.71604938271605,111173
2015,Trabalho,TRT19,TRT 19ª Região,730.0,0.0042930873317545,3340932,0.997436366965757,1.07229110015209,819.15,7.3,43394
2015,Trabalho,TRT2,TRT 02ª Região,279.0,0.0019972049889573,22553900,0.4840223212582,1.10225549813939,1173.27860696517,7.7636815920398,672091
2015,Trabalho,TRT20,TRT 20ª Região,573.0,0.0041268348922973,2242937,0.999470791776918,0.960261123082773,909.814814814815,7.37037037037037,31556
2015,Trabalho,TRT21,TRT 21ª Região,337.0,0.0042204613062313,3442175,0.999343242309022,1.33828731390762,781.891891891892,9.0,39295
2015,Trabalho,TRT22,TRT 22ª Região,479.0,0.0033485613876247,3204028,0.996181907534117,1.10601108426886,1058.12,6.4,35185
2015,Trabalho,TRT23,TRT 23ª Região,288.0,0.0025334467825949,3265486,0.989750643357884,0.960145125708764,751.266666666667,7.0,54849
2015,Trabalho,TRT24,TRT 24ª Região,350.0,0.0028118400313301,2651235,0.999721215500418,0.827036779410486,747.291666666667,6.58333333333333,46004
2015,Trabalho,TRT3,TRT 03ª Região,247.0,0.0033742116366388,20869101,0.791811982224381,0.998181729152725,1049.82868525896,9.48207171314741,306335
2015,Trabalho,TRT4,TRT 04ª Região,390.0,0.0038260465331854,11247972,0.905022538801499,1.04707396164824,823.831818181818,9.32272727272727,231593
2015,Trabalho,TRT5,TRT 05ª Região,400.0,0.0041229940971656,15203333,0.864039535883111,0.949223147180749,650.0,8.05586592178771,148355
2015,Trabalho,TRT6,TRT 06ª Região,377.0,0.0044805911201256,9345173,0.997039196274704,1.07718962326834,886.926829268293,8.05691056910569,139967
2015,Trabalho,TRT7,TRT 07ª Região,345.0,0.0030371055626006,8904459,0.999879210381005,1.01815771197677,1016.70175438596,8.40350877192983,79195
2015,Trabalho,TRT8,TRT 08ª Região,0.0,0.0036273015859323,8941792,0.654269972451791,0.922543879644404,1263.04109589041,10.4246575342466,109675
2015,Trabalho,TRT9,TRT 09ª Região,338.0,0.0023626190764229,11163018,0.993754703268008,1.04734526874839,942.284848484848,7.92121212121212,198457
2016,Estadual,TJAC,TJ - Acre,500.358339050079,0.0226587241765806,816687,0.999881407690711,0.855537052456286,661.352941176471,15.0980392156863,43236
2016,Estadual,TJAL,TJ - Alagoas,1085.26807965968,0.009616412146917,3358963,1.0,0.71659448062402,961.5,11.4042553191489,96279
2016,Estadual,TJAM,TJ - Amazonas,806.655195357262,0.0068169698381713,4001667,0.999900869375576,0.961658440986362,892.716814159292,8.61946902654867,111237
2016,Estadual,TJAP,TJ - Amapá,571.825052694971,0.0214702696182199,782295,0.777208280636358,0.993578595317726,653.173913043478,13.3913043478261,37375
2016,Estadual,TJBA,TJ - Bahia,1471.95887112462,0.0098257212422025,15276566,0.786842917292934,0.686920186169376,1325.36939313984,10.4828496042216,508784
2016,Estadual,TJCE,TJ - Ceará,983.968864908736,0.0077238628915064,8963663,0.434144340799393,0.943124213328144,850.21325648415,9.07204610951009,318589
2016,Estadual,TJDFT,TJ - Distrito Federal,449.690296854231,0.0106630046251596,2977216,0.0054412799307294,0.941395470890446,806.59126984127,13.8888888888889,243889
2016,Estadual,TJES,TJ - Espírito Santo,1361.29586295695,0.0116844515080023,3973697,0.0803085698491073,1.19821217016694,634.207171314741,8.70916334661355,185700
2016,Estadual,TJGO,TJ - Goiás,1080.54253235439,0.0091697870816395,6695855,0.273593808984522,1.20319692554584,868.524590163934,8.47540983606557,284148
2016,Estadual,TJMA,TJ - Maranhão,880.898114588216,0.0133562884906954,6954036,0.270568105201729,1.57031672983216,694.877952755906,9.32283464566929,221640
2016,Estadual,TJMG,TJ - Minas Gerais,853.242053479042,0.009751410000068,20997560,0.390513351852817,1.09029618487414,1137.54068965517,14.5710344827586,1039756
2016,Estadual,TJMS,TJ - Mato Grosso do Sul,683.948477277331,0.0097944655971138,2682386,1.0,0.840340716203566,1176.44604316547,14.0575539568345,194414
2016,Estadual,TJMT,TJ - Mato Grosso,1034.11664290868,0.0105634764577012,3305531,0.40513565685921,1.0487244837196,938.129353233831,11.3383084577114,209915
2016,Estadual,TJPA,TJ - Pará,1087.76045745385,0.0079516247931769,8272724,0.0186352362966165,1.9798187571167,614.671328671329,10.1083916083916,190573
2016,Estadual,TJPB,TJ - Paraíba,1182.21973373532,0.0136659605424861,3999415,0.694075102565913,1.08802855694864,618.830097087379,9.87864077669903,136149
2016,Estadual,TJPE,TJ - Pernambuco,1555.05832017032,0.0084417167890107,9410336,0.524920277222671,1.24485972853087,899.961734693878,11.8316326530612,375807
2016,Estadual,TJPI,TJ - Piauí,1381.06495583403,0.0130365938318358,3212180,0.0232707725528933,0.979223165077421,763.701754385965,14.640350877193,91448
2016,Estadual,TJPR,TJ - Paraná,731.146692429256,0.0061182747785527,11242720,1.16233868059149,0.92010462269051,808.507131537242,7.32171156893819,592988
2016,Estadual,TJRJ,TJ - Rio de Janeiro,1783.17553699461,0.0065727775020023,16635996,0.749794567865324,1.06908513798712,2226.96356275304,18.7226720647773,1190256
2016,Estadual,TJRN,TJ - Rio Grande do Norte,884.193215916504,0.0145400485766756,3474998,0.461582120659496,0.939352860485758,607.209039548023,10.7005649717514,123930
2016,Estadual,TJRO,TJ - Rondônia,477.177070788613,0.0170702569417968,1787279,0.708001045888351,0.942315858008266,973.509090909091,13.4,141304
2016,Estadual,TJRR,TJ - Roraima,660.361951628102,0.016917269847786,514229,0.685968073071605,1.19897153228246,795.566666666667,13.4,29753
2016,Estadual,TJRS,TJ - Rio Grande do Sul,813.17317534065,0.0072131477699215,11286500,0.0010897067977332,1.19645999783088,829.108579088472,7.26139410187668,691525
2016,Estadual,TJSC,TJ - Santa Catarina,955.863706747952,0.0068479336078971,6910553,0.9825150099458,1.00116942811331,1278.06413994169,10.4548104956268,467750
2016,Estadual,TJSE,TJ - Sergipe,576.177849636217,0.0147074324092811,2265779,0.757189720636196,1.07634832223883,901.370689655172,16.6034482758621,132498
2016,Estadual,TJSP,TJ - São Paulo,1034.100175894,0.0052471198595573,44749698,1.0,1.04919739567054,1726.92282608696,15.9570652173913,3624887
2016,Estadual,TJTO,TJ - Tocantins,1015.18539934948,0.0172063305763497,1532902,1.0,1.15066923841253,803.055555555556,11.3111111111111,85545
2016,Federal,TRF1,TRF 1ª Região,651.015230611915,0.0023516342216849,56129167,0.0558238013661364,0.603399311927308,1116.79513888889,16.5625,326419
2016,Federal,TRF2,TRF 2ª Região,766.153437658889,0.0021962527865126,20609693,0.925199426923961,0.808206285061215,720.216560509554,13.6496815286624,133873
2016,Federal,TRF3,TRF 3ª Região,1975.63458862936,0.0011424903790112,47432084,0.0473103587482241,0.935052547194382,1187.1797235023,12.8663594470046,295639
2016,Federal,TRF4,TRF 4ª Região,565.020012307266,0.0018272978055357,29439773,1.0,0.77422136499143,1103.93801652893,12.1322314049587,284119
2016,Federal,TRF5,TRF 5ª Região,2174.09971650438,0.0026022097465103,31473154,0.586883991047434,0.839867867688728,1054.28947368421,16.8070175438597,134108
2016,Trabalho,TRT1,TRT 01ª Região,553.0,0.0030430043182176,16635996,0.996503420566837,0.913218868752671,1023.22222222222,8.11111111111111,346308
2016,Trabalho,TRT10,TRT 10ª Região,274.0,0.0019943072471716,4510118,0.997585316019655,1.080559138718,749.632911392405,7.29113924050633,80624
2016,Trabalho,TRT11,TRT 11ª Região,216.0,0.0044809233620016,4515896,1.0,1.01226306985076,1301.44680851064,7.97872340425532,75919
2016,Trabalho,TRT12,TRT 12ª Região,341.0,0.0025604155722627,6910553,0.999313572542902,1.12531903622967,991.237113402062,8.27835051546392,124594
2016,Trabalho,TRT13,TRT 13ª Região,124.0,0.0072483962711854,3999415,0.999059165076208,0.829855706533171,701.905660377358,8.09433962264151,47542
2016,Trabalho,TRT14,TRT 14ª Região,158.0,0.0061071782692323,2603966,0.997862334330911,0.997744029932871,597.191489361702,7.63829787234043,36348
2016,Trabalho,TRT15,TRT 15ª Região,346.0,0.0016546472967335,22033264,0.99819153211508,1.21499970717423,1038.06134969325,7.12576687116564,426875
2016,Trabalho,TRT16,TRT 16ª Região,353.0,0.0022263849689644,6954036,0.998347107438017,0.77168705841806,1065.95238095238,6.09523809523809,58030
2016,Trabalho,TRT17,TRT 17ª Região,654.0,0.0026719388449203,3973697,0.999565039402313,0.917952417952418,766.352941176471,7.2156862745098,54054
2016,Trabalho,TRT18,TRT 18ª Região,237.0,0.0024545959353203,6695855,0.999709061129489,0.896166298370934,1079.10465116279,9.52325581395349,116754
2016,Trabalho,TRT19,TRT 19ª Região,267.0,0.0041009913410408,3358963,0.998013779405375,1.15150479575331,805.55,8.0,43893
2016,Trabalho,TRT2,TRT 02ª Região,271.0,0.0019800458777706,22716434,0.991106997966145,1.18695854663314,1213.14621409922,8.60835509138381,528208
2016,Trabalho,TRT20,TRT 20ª Região,302.0,0.0041803856631461,2265779,0.999770422804668,0.988265229756025,967.962962962963,7.2962962962963,33405
2016,Trabalho,TRT21,TRT 21ª Região,101.0,0.0041859640167005,3474998,0.999069551058386,1.0709592923394,838.829268292683,8.21951219512195,46576
2016,Trabalho,TRT22,TRT 22ª Região,480.0,0.0032811366017429,3212180,0.995055624227441,0.989262383962339,1089.03846153846,6.46153846153846,37811
2016,Trabalho,TRT23,TRT 23ª Região,186.0,0.0021939782915092,3305531,0.992664798342878,0.963518954927539,621.742424242424,7.28787878787879,53891
2016,Trabalho,TRT24,TRT 24ª Região,343.0,0.0027556241852279,2682386,0.999828933112847,0.846261526497056,715.795918367347,6.38775510204082,45005
2016,Trabalho,TRT3,TRT 03ª Região,216.0,0.0030418527886723,20997560,0.999804716285925,1.01992852124507,1164.80686695279,10.4592274678112,327370
2016,Trabalho,TRT4,TRT 04ª Região,377.0,0.0035609234100236,11286500,0.993638202725724,0.958526557732618,827.488986784141,9.09251101321586,247122
2016,Trabalho,TRT5,TRT 05ª Região,433.0,0.0037561048592271,15276566,0.99897366001051,1.09531223699714,742.634146341463,8.35975609756098,166348
2016,Trabalho,TRT6,TRT 06ª Região,337.0,0.0043037440218938,9410336,0.998319110421515,1.01538418816473,859.333333333333,8.1031746031746,144044
2016,Trabalho,TRT7,TRT 07ª Região,315.0,0.002577089498327,8963663,0.999658657485048,0.928786741101063,1069.53968253968,7.57142857142857,91893
2016,Trabalho,TRT8,TRT 08ª Região,191.0,0.0036478513058893,9055019,0.785809489959126,0.936528405250614,1059.2,9.08235294117647,112444
2016,Trabalho,TRT9,TRT 09ª Região,393.0,0.0027144814288891,11242720,0.993742067630908,1.06929068901922,904.306818181818,7.42045454545455,210923
2017,Estadual,TJAC,TJ - Acre,504.535736896471,0.0202875710686924,829619,0.991405808920394,0.996166950596252,650.65306122449,13.7755102040816,42264
2017,Estadual,TJAL,TJ - Alagoas,1130.63562218891,0.0097261714695788,3375823,1.0,0.765300055211858,1189.63063063063,8.90990990990991,141274
2017,Estadual,TJAM,TJ - Amazonas,907.134435227917,0.0089258408041334,4063614,0.999937565778911,1.06464651296279,683.646341463415,6.23170731707317,125436
2017,Estadual,TJAP,TJ - Amapá,663.24898511502,0.0193640675727639,797722,1.0,0.860783457113732,578.0,12.3191489361702,34335
2017,Estadual,TJBA,TJ - Bahia,1726.1852422623,0.0133885145151932,15344447,0.935438935058405,1.23660809894346,1202.96730245232,12.3133514986376,448256
2017,Estadual,TJCE,TJ - Ceará,970.387791116544,0.0076421755060668,9020460,0.387758288847732,0.968039041643745,817.121661721068,7.98516320474777,296299
2017,Estadual,TJDFT,TJ - Distrito Federal,416.254691247277,0.0109365911041638,3039444,0.399208146033621,0.96129412562976,734.385542168675,14.1726907630522,235804
2017,Estadual,TJES,TJ - Espírito Santo,1361.31431610772,0.0107490407146792,4016356,0.0743063626284081,1.32225983081783,591.770750988142,8.43873517786561,176969
2017,Estadual,TJGO,TJ - Goiás,1115.41312084928,0.0080181553868253,6778772,0.577762806510649,1.1056074464303,989.549828178694,12.3539518900344,309410
2017,Estadual,TJMA,TJ - Maranhão,1121.43147905286,0.0146128282311417,7000229,0.433073324642032,0.723092683176685,736.120967741935,9.39112903225806,195235
2017,Estadual,TJMG,TJ - Minas Gerais,937.0,0.0088039419025004,21119536,0.388604593950536,1.14193481278127,1076.45718050066,13.0869565217391,980591
2017,Estadual,TJMS,TJ - Mato Grosso do Sul,769.828990151998,0.010159274513089,2713147,1.0,0.896895646389088,1073.66883116883,12.0779220779221,196917
2017,Estadual,TJMT,TJ - Mato Grosso,1149.29010331035,0.0112359085901481,3344544,0.568764247468589,1.01868695062942,898.238095238095,12.4142857142857,209558
2017,Estadual,TJPA,TJ - Pará,996.230207624915,0.0075009527485813,8366628,0.24466616233488,1.22205262683789,689.886861313869,10.6058394160584,199822
2017,Estadual,TJPB,TJ - Paraíba,1242.86838555399,0.0139420246477552,4025558,0.849935880183019,1.09109776724055,569.036036036036,9.55405405405405,135393
2017,Estadual,TJPE,TJ - Pernambuco,1610.91494383739,0.0087605772895888,9473266,0.668157558743527,0.961934653146628,929.476658476658,11.1990171990172,410058
2017,Estadual,TJPI,TJ - Piauí,1473.3826598579,0.0136025203794293,3219257,0.361212743874952,1.05823247316739,623.444444444444,9.03267973856209,100717
2017,Estadual,TJPR,TJ - Paraná,707.001534801246,0.0063489466628679,11320892,1.17279669842931,0.957310251871775,867.406441717791,6.8021472392638,663274
2017,Estadual,TJRJ,TJ - Rio de Janeiro,1930.16000873863,0.0063228286035433,16718956,0.985854020571472,1.24452891159125,1964.42990654206,16.8485981308411,1149954
2017,Estadual,TJRN,TJ - Rio Grande do Norte,7824.52736274029,0.0151493840816978,3507003,0.469286939374955,1.56957703171368,601.043209876543,11.8518518518519,111876
2017,Estadual,TJRO,TJ - Rondônia,487.938247694531,0.0156686964928444,1805788,0.71044240174305,0.914918566775244,1125.67368421053,15.2210526315789,138150
2017,Estadual,TJRR,TJ - Roraima,674.253066686492,0.017821197998257,522636,0.776896738151018,1.21148006007008,672.606060606061,15.1212121212121,29965
2017,Estadual,TJRS,TJ - Rio Grande do Sul,1125.17563147291,0.0069244154766928,11322895,0.0254833378792498,0.996407970342221,1080.19064124783,8.94107452339688,807343
2017,Estadual,TJSC,TJ - Santa Catarina,1340.04823817255,0.0076912970056008,7001161,0.966093756652805,1.13439299940722,1494.58484848485,11.5606060606061,517899
2017,Estadual,TJSE,TJ - Sergipe,595.222677863067,0.0134582665798483,2288116,0.801427227669042,1.07145968876542,969.859649122807,14.3333333333333,140023
2017,Estadual,TJSP,TJ - São Paulo,1131.57444292354,0.0055784775704967,45094865,1.0,1.00205894195646,1812.31780962129,14.589559877175,4005941
2017,Estadual,TJTO,TJ - Tocantins,881.139788393716,0.0170093944985067,1550194,1.0,1.16539586891023,829.760869565217,11.0217391304348,91937
2017,Federal,TRF1,TRF 1ª Região,882.357916126546,0.0024152704718912,56662894,0.243057019124216,0.657964014169546,831.022598870057,12.7372881355932,298951
2017,Federal,TRF2,TRF 2ª Região,653.596997373682,0.0022355177928949,20735312,0.954365630419621,0.846532148043832,1087.42953020134,13.758389261745,181784
2017,Federal,TRF3,TRF 3ª Região,2181.786627133,0.0011920277237626,47808012,0.512007355706942,1.00048034410105,1144.83253588517,13.3205741626794,274803
2017,Federal,TRF4,TRF 4ª Região,547.991727564334,0.0019058938463457,29644948,1.0,0.987256313642987,812.398496240602,11.1503759398496,231958
2017,Federal,TRF5,TRF 5ª Região,2296.92285541389,0.0027291796239861,31690226,0.943428764775865,1.07257284061974,840.54128440367,19.1009174311927,106431
2017,Trabalho,TRT1,TRT 01ª Região,534.0,0.0029649103200494,16718956,0.998425934263845,0.921145141409746,1055.60836501901,8.30798479087452,383743
2017,Trabalho,TRT10,TRT 10ª Região,272.0,0.0021894641885705,4589638,0.995607562021224,1.02654890178201,769.135135135135,7.7972972972973,77216
2017,Trabalho,TRT11,TRT 11ª Região,217.0,0.0041763765913144,4586250,1.0,1.13222138431738,1225.59090909091,10.9090909090909,67629
2017,Trabalho,TRT12,TRT 12ª Região,434.0,0.002617024542375,7001161,0.993584264678835,1.09269713043619,924.29,8.11,123294
2017,Trabalho,TRT13,TRT 13ª Região,134.0,0.007032630383347,4025558,0.999142224681793,0.933191158591274,708.627450980392,6.58823529411765,50173
2017,Trabalho,TRT14,TRT 14ª Região,117.0,0.0056180137971177,2635407,0.99915015258624,1.02946685677542,575.266666666667,7.26666666666667,35769
2017,Trabalho,TRT15,TRT 15ª Região,375.0,0.0017009898444286,22219596,0.998923469864695,1.11446620604148,1026.69040247678,7.08049535603715,432311
2017,Trabalho,TRT16,TRT 16ª Região,395.0,0.0023543604645455,7000229,0.999283550315238,0.86188953772877,1191.51219512195,6.51219512195122,61306
2017,Trabalho,TRT17,TRT 17ª Região,932.0,0.0027334608768418,4016356,0.99958988380041,0.966165912061682,761.979166666667,7.91666666666667,52787
2017,Trabalho,TRT18,TRT 18ª Região,211.0,0.0025708861519779,6778772,0.999824520355639,1.06560956403465,1017.61904761905,9.01190476190476,111752
2017,Trabalho,TRT19,TRT 19ª Região,448.0,0.0041140801970453,3375823,0.998130189516385,1.11337677967256,751.285714285714,8.26190476190476,44039
2017,Trabalho,TRT2,TRT 02ª Região,244.0,0.0020774463539211,22875269,0.99318042454957,1.2532410664556,1043.70823529412,7.73411764705882,545808
2017,Trabalho,TRT20,TRT 20ª Região,341.0,0.0042501249900698,2288116,0.999961450984927,1.05145308689136,960.777777777778,8.11111111111111,34031
2017,Trabalho,TRT21,TRT 21ª Região,101.0,0.0042720637729831,3507003,0.994834779153698,1.10675135352299,774.410256410256,9.07692307692308,52271
2017,Trabalho,TRT22,TRT 22ª Região,820.0,0.003232987513054,3219257,0.998547377830751,0.986887403807209,1073.92,6.92,39504
2017,Trabalho,TRT23,TRT 23ª Região,202.0,0.0023531095488891,3344544,0.990696541646371,0.987742537313433,641.5625,8.109375,53600
2017,Trabalho,TRT24,TRT 24ª Região,377.0,0.0026279392461884,2713147,0.999754796787838,0.990682310058093,652.52,6.6,43895
2017,Trabalho,TRT3,TRT 03ª Região,235.0,0.0033451053674684,21119536,0.999995968977249,1.06257327827904,1029.36099585062,9.94190871369295,313872
2017,Trabalho,TRT4,TRT 04ª Região,353.0,0.0037144501610439,11322895,0.996383431697523,1.01238747372201,824.6,8.92444444444445,247831
2017,Trabalho,TRT5,TRT 05ª Região,392.0,0.0039711852271627,15344447,0.999836432037512,0.958805249211645,750.801169590643,8.17543859649123,174731
2017,Trabalho,TRT6,TRT 06ª Região,303.0,0.0043014063204745,9473266,0.999323410013532,1.09028386162177,841.138211382114,8.39024390243902,144965
2017,Trabalho,TRT7,TRT 07ª Região,381.0,0.0028738308538167,9020460,0.992473826780877,0.986618636670018,1084.04761904762,7.38095238095238,90499
2017,Trabalho,TRT8,TRT 08ª Região,218.0,0.00339555261205,9164350,0.920492593344156,1.05132751709502,906.298850574713,9.2183908045977,106025
2017,Trabalho,TRT9,TRT 09ª Região,385.0,0.0023928336118861,11320892,1.0,1.19585105589135,953.890909090909,7.36969696969697,201015
2018,Estadual,TJAC,TJ - Acre,650.790238153014,0.0176029229044212,869265,1.0,1.01859247308984,692.595238095238,21.7857142857143,37811
2018,Estadual,TJAL,TJ - Alagoas,1381.38201516566,0.009407252658306,3322820,1.0,1.68444204352524,665.50406504065,9.26829268292683,90706
2018,Estadual,TJAM,TJ - Amazonas,1029.75736578663,0.0086231883950928,4080611,1.0,2.73891998657205,798.007142857143,7.9,128091
2018,Estadual,TJAP,TJ - Amapá,675.443895017117,0.0184777791809665,829494,1.0,1.09140969162996,617.791666666667,12.5208333333333,36320
2018,Estadual,TJBA,TJ - Bahia,1734.59086193234,0.0129194912444289,14812618,0.934534706405799,1.11449757962569,1401.63186813187,13.2582417582418,518928
2018,Estadual,TJCE,TJ - Ceará,1241.58958025985,0.0080284807009132,9075649,0.531806286114062,1.10913368188107,737.445859872611,9.1624203821656,258023
2018,Estadual,TJDFT,TJ - Distrito Federal,376.137957373747,0.010760619413804,2974703,1.0,1.05532848035448,705.181451612903,13.6693548387097,221170
2018,Estadual,TJES,TJ - Espírito Santo,1447.21567380397,0.0099985309038871,3972388,0.10640021226975,1.54549679448986,582.170731707317,8.44308943089431,167836
2018,Estadual,TJGO,TJ - Goiás,1069.54725053947,0.0099157675253783,6921161,0.800045988396774,1.48928504129385,812.298850574713,11.0028735632184,307794
2018,Estadual,TJMA,TJ - Maranhão,1384.08473535552,0.011383621627963,7035055,0.681122714286588,1.05670598112676,614.515037593985,9.12781954887218,173897
2018,Estadual,TJMG,TJ - Minas Gerais,957.97150891994,0.0082916252240545,21040662,0.491850150898832,1.24069294800347,1104.49275362319,14.5304347826087,904368
2018,Estadual,TJMS,TJ - Mato Grosso do Sul,739.325364250554,0.0094928752226117,2748023,1.0,0.926950446000315,1140.41935483871,12.141935483871,209529
2018,Estadual,TJMT,TJ - Mato Grosso,1287.33512736974,0.0110249139312477,3441998,0.668414100308615,1.29762781860131,856.94923857868,11.9086294416244,206308
2018,Estadual,TJPA,TJ - Pará,1327.44767335943,0.0075841211514653,8513497,0.552949993351787,1.22693329958233,617.380597014925,10.0970149253731,173822
2018,Estadual,TJPB,TJ - Paraíba,1265.49424089428,0.0119383062029861,3996496,0.855437027375351,0.987410124297732,564.921052631579,9.46491228070176,137412
2018,Estadual,TJPE,TJ - Pernambuco,1381.76138719256,0.0084018192965282,9496294,0.830026410692979,0.574458196993408,1458.99266503667,10.8264058679707,632610
2018,Estadual,TJPI,TJ - Piauí,1517.53037783959,0.0121989087460173,3264531,0.799061269698532,0.958821322463217,620.319727891157,9.59863945578231,98619
2018,Estadual,TJPR,TJ - Paraná,977.276034241914,0.0063520335104892,11348937,1.20040968269288,1.0221820807093,905.155591572123,7.76985413290113,670406
2018,Estadual,TJRJ,TJ - Rio de Janeiro,1968.70782853591,0.0057263854006119,17159960,0.947815166943117,1.45986771574094,1799.55743879473,18.045197740113,1078284
2018,Estadual,TJRN,TJ - Rio Grande do Norte,854.529973090681,0.015206829983436,3479010,0.755069462421261,0.988318578414139,658.465909090909,10.5738636363636,125156
2018,Estadual,TJRO,TJ - Rondônia,512.702939659618,0.014325950007759,1757589,0.703557788253105,0.955360839889404,1174.26262626263,13.7979797979798,149734
2018,Estadual,TJRR,TJ - Roraima,564.618798477975,0.0171321330666565,576568,0.947569225928257,1.11313579946459,669.052631578947,13.0263157894737,32872
2018,Estadual,TJRS,TJ - Rio Grande do Sul,1173.71235313535,0.0065813662603257,11329605,0.0462097268098866,0.981260143841619,1058.24596050269,9.50089766606822,771404
2018,Estadual,TJSC,TJ - Santa Catarina,933.591383430294,0.0070542742988086,7075494,0.978663825253063,0.861661255245817,1430.64024390244,12.155487804878,490629
2018,Estadual,TJSE,TJ - Sergipe,546.61692741567,0.0142054333383292,2278308,0.999830172151808,1.13210643944685,956.222222222222,13.4273504273504,143180
2018,Estadual,TJSP,TJ - São Paulo,1062.3699166819,0.0055624264247264,45538935,1.0,1.15028301238823,1576.64615384615,14.1786600496278,3843648
2018,Estadual,TJTO,TJ - Tocantins,756.266645317591,0.0159809972679562,1555229,1.0,0.891312887695161,1002.57446808511,10.5212765957447,109461
2018,Federal,TRF1,TRF 1ª Região,805.315231628913,0.0023271955334974,56632319,0.350505805730964,0.764598088548971,965.313043478261,13.1565217391304,339428
2018,Federal,TRF2,TRF 2ª Região,768.028283549526,0.0020829581152479,21132348,0.95257607004595,1.225919815845,617.631284916201,12.1340782122905,130325
2018,Federal,TRF3,TRF 3ª Região,1921.63321612766,0.0010604594751204,48286958,0.846910872736949,1.02797614973343,1032.97630331754,12.9336492890995,262974
2018,Federal,TRF4,TRF 4ª Região,633.190228672248,0.001793112218493,29754036,1.0,1.03881983740641,823.882978723404,11.2624113475177,242814
2018,Federal,TRF5,TRF 5ª Região,780.46373742721,0.002596362655303,31648577,1.0,0.560667468491323,1470.43333333333,18.6416666666667,197882
2018,Trabalho,TRT1,TRT 01ª Região,427.0,0.0027439360150771,17159960,0.999377674056787,1.18945996978852,746.763485477178,8.8298755186722,264800
2018,Trabalho,TRT10,TRT 10ª Região,313.0,0.002105943718512,4529932,0.998526737413964,1.19437636394158,595.082191780822,7.82191780821918,59570
2018,Trabalho,TRT11,TRT 11ª Região,235.0,0.0041566631173421,4657179,1.0,1.30978540949475,773.282608695652,10.304347826087,48511
2018,Trabalho,TRT12,TRT 12ª Região,437.0,0.0025289838297844,7075494,0.999830662417833,1.35798110661269,669.680412371134,8.25773195876289,92625
2018,Trabalho,TRT13,TRT 13ª Região,154.0,0.0074472888541048,3996496,0.998584345602338,1.27086163113447,413.169811320755,9.0188679245283,33866
2018,Trabalho,TRT14,TRT 14ª Região,188.0,0.0056519621416262,2626854,0.999821768060836,1.2125625666694,317.584905660377,7.11320754716981,24374
2018,Trabalho,TRT15,TRT 15ª Região,417.0,0.0016972089186707,22471881,0.999278929611067,1.42121436470592,720.083333333333,7.18910256410256,322819
2018,Trabalho,TRT16,TRT 16ª Região,474.0,0.002314643685615,7035055,0.999938082412309,1.51947963182357,787.829268292683,6.70731707317073,43892
2018,Trabalho,TRT17,TRT 17ª Região,730.0,0.0024559081057825,3972388,0.999782769257505,1.22004953049221,511.488888888889,9.46666666666667,38764
2018,Trabalho,TRT18,TRT 18ª Região,207.0,0.0028688829454293,6921161,0.999984705036631,1.21091365429814,760.244186046512,9.51162790697674,94029
2018,Trabalho,TRT19,TRT 19ª Região,683.0,0.0041688228125827,3322820,0.999651793264687,1.42927779442613,478.642857142857,8.04761904761905,33370
2018,Trabalho,TRT2,TRT 02ª Região,299.0,0.0020671868823649,23067054,0.999838944506719,1.49465112491566,768.445544554455,8.22029702970297,429810
2018,Trabalho,TRT20,TRT 20ª Região,425.0,0.0043661269441254,2278308,0.999931394072448,1.33223332144131,560.615384615385,8.65384615384615,22424
2018,Trabalho,TRT21,TRT 21ª Região,290.0,0.0041813934583187,3479010,1.0,1.42925948223961,457.3,8.6,31559
2018,Trabalho,TRT22,TRT 22ª Região,1541.0,0.0033159675277798,3264531,0.986997175416383,1.60964938748416,855.583333333333,7.375,33142
2018,Trabalho,TRT23,TRT 23ª Região,232.0,0.0022794387136913,3441998,0.999779549546239,1.23761055000262,400.25,7.05882352941176,38218
2018,Trabalho,TRT24,TRT 24ª Região,436.0,0.0025156450112945,2748023,0.999701120797011,1.36634436956734,409.69387755102,6.77551020408163,30717
2018,Trabalho,TRT3,TRT 03ª Região,293.0,0.0032323606138328,21040662,0.999852733081912,1.43495952309815,673.185344827586,10.1422413793103,210861
2018,Trabalho,TRT4,TRT 04ª Região,398.0,0.003584322385701,11329605,0.997235977386788,1.40142656423505,541.868778280543,8.98190045248869,176508
2018,Trabalho,TRT5,TRT 05ª Região,427.0,0.0038359850203506,14812618,0.9996771386058,1.45248020770483,409.413793103448,7.55747126436782,109386
2018,Trabalho,TRT6,TRT 06ª Região,446.0,0.0043609115401401,9496294,0.999985381185586,1.37663428320577,579.703389830509,8.67796610169492,104786
2018,Trabalho,TRT7,TRT 07ª Região,435.0,0.0027348385931406,9075649,1.0,1.27078747068388,777.180327868852,8.0327868852459,69501
2018,Trabalho,TRT8,TRT 08ª Região,208.0,0.0034414273333537,9342991,0.999882801054791,1.31682175364655,602.294117647059,9.36470588235294,78773
2018,Trabalho,TRT9,TRT 09ª Região,390.0,0.0023644949366629,11348937,1.0,1.65815999365962,568.666666666667,7.94339622641509,138793
2019,Estadual,TJAC,TJ - Acre,547.217233560091,0.0189944182576821,881935,1.0,1.04201069089266,800.589743589744,26.1025641025641,39847
2019,Estadual,TJAL,TJ - Alagoas,1236.66537172965,0.0097844469372315,3337357,1.0,1.28009946610108,1087.99137931034,11.4827586206897,136730
2019,Estadual,TJAM,TJ - Amazonas,1037.94182860641,0.0064204409991838,4057540,1.0,1.25611729403274,774.583333333333,5.94444444444444,131635
2019,Estadual,TJAP,TJ - Amapá,497.626872885452,0.0194646338504025,845731,0.455982620320856,0.948984247108392,564.528301886792,12.6981132075472,37263
2019,Estadual,TJBA,TJ - Bahia,2352.32629539441,0.0130571381137464,14635096,0.935857334362432,1.49556220816388,1412.45081967213,12.7322404371585,531120
2019,Estadual,TJCE,TJ - Ceará,1470.61336197788,0.0083332447585448,9132078,0.756526872199415,1.25156551224381,852.558823529412,12.4281045751634,292556
2019,Estadual,TJDFT,TJ - Distrito Federal,354.00478986403,0.0107290028381738,3015268,1.0,0.91549782502581,739.610441767068,13.3654618473896,231497
2019,Estadual,TJES,TJ - Espírito Santo,1633.60206990822,0.0103406701159979,4018650,0.111617830703528,1.58217407509829,619.405982905983,8.82051282051282,166342
2019,Estadual,TJGO,TJ - Goiás,1078.46027010554,0.0107792833444397,7018354,0.938266978922717,1.31241236952796,987.722419928826,14.3914590747331,308112
2019,Estadual,TJMA,TJ - Maranhão,1319.50985391272,0.0125777789340596,6952984,0.849186141146378,1.3496507542446,644.269662921348,9.04119850187266,190124
2019,Estadual,TJMG,TJ - Minas Gerais,1027.25004974786,0.008883497040346,21168791,0.661767728803813,1.30879267850833,1197.82628398792,14.7477341389728,894244
2019,Estadual,TJMS,TJ - Mato Grosso do Sul,891.130238415247,0.009302293272735,2778986,1.0,0.982454139006744,1292.63087248322,12.3557046979866,227917
2019,Estadual,TJMT,TJ - Mato Grosso,1176.63714556037,0.011098445682393,3474799,0.753901628550559,1.16673699465081,943.718446601942,11.5436893203883,234615
2019,Estadual,TJPA,TJ - Pará,1367.31698681066,0.0066980240170534,8594626,0.616866621248687,1.55374226529692,687.325396825397,11.6111111111111,184073
2019,Estadual,TJPB,TJ - Paraíba,1327.38150561533,0.0124366496346919,4018127,0.878365916635928,1.20737693232041,565.773913043478,9.84347826086957,147297
2019,Estadual,TJPE,TJ - Pernambuco,1234.38108863048,0.0087444632402805,9544948,0.84115426291851,1.38841706936131,1078.57816377171,10.9057071960298,476995
2019,Estadual,TJPI,TJ - Piauí,1414.84065249919,0.0127340978016118,3273227,0.699624924591483,0.882719768142371,783.404109589041,9.5,122834
2019,Estadual,TJPR,TJ - Paraná,993.573010784028,0.0060626793297416,11423818,1.0,1.01802588928794,952.190553745928,7.8257328990228,714195
2019,Estadual,TJRJ,TJ - Rio de Janeiro,2189.04304232556,0.0054320029211717,17264943,0.874252522839514,2.07840802234231,1945.74259259259,17.5944444444444,1133634
2019,Estadual,TJRN,TJ - Rio Grande do Norte,1170.01185362313,0.0134971826429786,3404453,0.840248368094253,1.30142345859769,682.717391304348,12.9782608695652,122940
2019,Estadual,TJRO,TJ - Rondônia,518.757812966242,0.0150376882690799,1247681,0.712519916142558,1.06384828924044,1339.88764044944,15.8202247191011,149495
2019,Estadual,TJRR,TJ - Roraima,625.9562955915,0.016700293742337,605761,0.998351490825688,1.14599149302751,734.315789473684,13.1578947368421,37146
2019,Estadual,TJRS,TJ - Rio Grande do Sul,1208.6308942946,0.0083221683441281,11377239,0.400391373708324,0.912110791116296,1137.87238095238,9.68952380952381,740637
2019,Estadual,TJSC,TJ - Santa Catarina,1151.10151870293,0.007155518686389,7164788,0.924577410714608,1.46374354514403,1585.12571428571,11.84,681851
2019,Estadual,TJSE,TJ - Sergipe,665.184032940638,0.013731692920829,2298696,1.0,1.18541062093386,1122.23529411765,14.0,190906
2019,Estadual,TJSP,TJ - São Paulo,1177.16534864555,0.0055856021417725,45919049,1.0,1.1925507424494,1653.44754521964,14.3607235142119,3925116
2019,Estadual,TJTO,TJ - Tocantins,691.125767803125,0.0157043143173925,1572866,1.0,0.806728045325779,1053.07920792079,10.4158415841584,127080
2019,Federal,TRF1,TRF 1ª Região,732.04425004146,0.0024097214581623,56175868,0.650561608875713,1.34920478605544,893.948087431694,12.2704918032787,345253
2019,Federal,TRF2,TRF 2ª Região,587.606361959958,0.0021549979537253,21283593,0.975779412948045,1.04303993219482,621.372222222222,11.4611111111111,134503
2019,Federal,TRF3,TRF 3ª Região,1686.10483808895,0.0011085888617659,48698035,0.939245849075256,1.13553263649302,973.468619246862,11.2928870292887,273329
2019,Federal,TRF4,TRF 4ª Região,742.233229462726,0.001835401503599,29965845,1.0,1.0769744322205,764.883870967742,10.6387096774194,247147
2019,Federal,TRF5,TRF 5ª Região,635.106746388477,0.0025094587703588,31735659,0.998405284265157,0.909588804422944,890.546218487395,14.2436974789916,115760
2019,Trabalho,TRT1,TRT 01ª Região,407.0,0.0025759282154095,17264943,0.999870714610935,1.15153331866164,801.355855855856,9.23873873873874,263546
2019,Trabalho,TRT10,TRT 10ª Região,330.0,0.0020446725678274,4588134,0.999130369965463,1.07155649365186,529.565789473684,7.31578947368421,62538
2019,Trabalho,TRT11,TRT 11ª Região,194.0,0.0040797376250676,4663301,0.999966440700718,1.70200707798154,551.814814814815,7.72222222222222,40407
2019,Trabalho,TRT12,TRT 12ª Região,444.0,0.0024707307833811,7164788,0.999750264425902,1.26419966451482,724.170212765957,8.32978723404255,98365
2019,Trabalho,TRT13,TRT 13ª Região,566.0,0.0075351849878987,4018127,0.999864081188837,1.04157384550545,416.452830188679,8.54716981132075,33218
2019,Trabalho,TRT14,TRT 14ª Região,143.0,0.0058666614521511,2129616,0.999858209660648,1.08319248191468,423.16,7.24,29582
2019,Trabalho,TRT15,TRT 15ª Região,419.0,0.0016668792518188,22677443,0.999897080799806,1.15745134537574,843.434027777778,7.37847222222222,343287
2019,Trabalho,TRT16,TRT 16ª Região,484.0,0.0024613444906905,6952984,1.0,1.50706054992903,602.209302325581,6.06976744186047,41569
2019,Trabalho,TRT17,TRT 17ª Região,1134.0,0.0027810458232688,4018650,0.999769035337593,1.25001896957281,519.56,7.4,39537
2019,Trabalho,TRT18,TRT 18ª Região,166.0,0.0027616251440997,7018354,1.0,1.09391776031919,792.951807228916,9.24096385542169,89227
2019,Trabalho,TRT19,TRT 19ª Região,551.0,0.0041183260231378,3337357,0.999752426223014,1.20370991547028,517.846153846154,8.53846153846154,29812
2019,Trabalho,TRT2,TRT 02ª Região,266.0,0.0021907972346552,23241606,0.999098745729522,1.29563769750476,726.041304347826,6.94130434782609,463723
2019,Trabalho,TRT20,TRT 20ª Região,482.0,0.0043486038518008,2298696,0.999861043562843,1.37063833684403,533.074074074074,8.0,21838
2019,Trabalho,TRT21,TRT 21ª Região,308.0,0.0042303165839082,3404453,0.998699977390911,1.28055602644516,431.512195121951,8.24390243902439,29495
2019,Trabalho,TRT22,TRT 22ª Região,506.0,0.0029779181471978,3273227,0.994362861203221,1.32472127248402,844.4,6.68,33635
2019,Trabalho,TRT23,TRT 23ª Região,239.0,0.0023953252847351,3474799,1.0,1.20914779334404,395.46875,7.6875,36118
2019,Trabalho,TRT24,TRT 24ª Região,498.0,0.0026408422307605,2778986,0.999671500305035,1.37428903623166,453.382978723404,6.70212765957447,31823
2019,Trabalho,TRT3,TRT 03ª Região,291.0,0.0032223677069233,21168791,1.0,1.36818420631839,714.930434782609,9.72173913043478,218885
2019,Trabalho,TRT4,TRT 04ª Região,383.0,0.0036398276973972,11377239,0.998981313952958,1.20117532140156,597.918181818182,8.49545454545455,190416
2019,Trabalho,TRT5,TRT 05ª Região,436.0,0.004776482843457,14635096,0.999890705073713,1.20508335214265,511.465838509317,7.70186335403727,124052
2019,Trabalho,TRT6,TRT 06ª Região,468.0,0.0047473646219119,9544948,0.999779212893967,1.17201161020849,614.135593220339,8.56779661016949,113004
2019,Trabalho,TRT7,TRT 07ª Região,254.0,0.0027384302951792,9132078,0.999782386351272,1.10242700949177,753.327868852459,7.72131147540984,66584
2019,Trabalho,TRT8,TRT 08ª Região,150.0,0.0032283761110106,9440357,0.999980320771426,1.12756717266012,612.228915662651,9.18072289156627,73914
2019,Trabalho,TRT9,TRT 09ª Região,389.0,0.0023955557509308,11423818,1.0,1.29413295256227,653.572368421053,8.38157894736842,157575
2020,Estadual,TJAC,TJ - Acre,580.972378172019,0.0178662651133676,894470,1.0,0.970168993387215,608.976744186047,22.6279069767442,34025
2020,Estadual,TJAL,TJ - Alagoas,1102.6941918029,0.0090327854376165,3351543,0.997884024127224,1.05569860345592,1567.43103448276,11.75,196127
2020,Estadual,TJAM,TJ - Amazonas,847.711249985453,0.0062908466387751,4207714,0.999961053376348,0.725010872599103,818.294520547945,7.11643835616438,154057
2020,Estadual,TJAP,TJ - Amapá,529.485206415378,0.0184005687169245,861773,1.0,0.825824314120312,400.228070175439,11.280701754386,27811
2020,Estadual,TJBA,TJ - Bahia,1150.57086562854,0.0118208948317017,14930634,0.999997799426531,0.563692298212914,1141.87399463807,12.1903485254692,454427
2020,Estadual,TJCE,TJ - Ceará,1216.98011207216,0.0081118920601714,9187103,0.99931458641186,1.23063798738986,687.753894080997,13.1370716510903,271369
2020,Estadual,TJDFT,TJ - Distrito Federal,388.674588098469,0.0112792050542668,3055149,0.991417369022259,0.931117697302749,626.74,13.688,194346
2020,Estadual,TJES,TJ - Espírito Santo,991.777519601797,0.010843103744765,4064052,0.505922187771623,0.754699479781534,554.651063829787,8.47234042553191,154166
2020,Estadual,TJGO,TJ - Goiás,1055.53116747198,0.0111846749961978,7113540,1.0,0.898860975119778,1180.78409090909,14.2840909090909,363381
2020,Estadual,TJMA,TJ - Maranhão,936.125889320463,0.0127178091266791,7114598,0.962775735294118,1.0383818326859,710.624548736462,8.89530685920578,230656
2020,Estadual,TJMG,TJ - Minas Gerais,940.466419922545,0.0093683241651725,21292666,0.834187603661159,1.11266662571411,937.299310344828,13.7931034482759,813950
2020,Estadual,TJMS,TJ - Mato Grosso do Sul,712.972731862159,0.0086268986912458,2809394,0.997692642256345,0.778991249732774,1476.11486486486,12.7162162162162,271306
2020,Estadual,TJMT,TJ - Mato Grosso,1133.15354902587,0.0096068847535618,3526220,1.0,1.29213578580799,918.2,12.5368421052632,211922
2020,Estadual,TJPA,TJ - Pará,1826.32508787003,0.0055941389448532,8690745,0.915517278362899,0.917383470258907,642.1015625,11.43359375,186476
2020,Estadual,TJPB,TJ - Paraíba,1182.7933456383,0.0109303698986383,4039277,1.0,1.38915734627979,466.472222222222,10.6898148148148,132237
2020,Estadual,TJPE,TJ - Pernambuco,1046.03523999475,0.0089956967264785,9616621,0.890302519953555,2.34523311400985,827.826603325416,11.1306413301663,382388
2020,Estadual,TJPI,TJ - Piauí,1010.94576991867,0.0116328231049564,3281480,0.958678008048094,0.98659300614812,631.040540540541,9.47972972972973,102633
2020,Estadual,TJPR,TJ - Paraná,733.092490876942,0.0055819169385259,11516840,1.0,0.950948833304577,819.769828926905,8.28615863141524,776638
2020,Estadual,TJRJ,TJ - Rio de Janeiro,1195.49780118855,0.006141609276304,17366189,0.98048674833621,2.18379858634213,1548.58064516129,17.3187855787476,997271
2020,Estadual,TJRN,TJ - Rio Grande do Norte,937.683718146597,0.0115446084958362,3534165,0.980083580194668,1.23395401325998,426.510638297872,9.45212765957447,113424
2020,Estadual,TJRO,TJ - Rondônia,459.486234173152,0.0150487186779961,1796460,0.957078512761636,1.08958756513292,920.916666666667,13.8333333333333,113230
2020,Estadual,TJRR,TJ - Roraima,431.140622505986,0.0165754257146425,631181,1.0,0.988616398243045,534.162162162162,13.8648648648649,27320
2020,Estadual,TJRS,TJ - Rio Grande do Sul,630.895054967786,0.0080980866941019,11422973,0.83205268204336,0.817843445373675,1254.14340344168,9.46080305927342,750920
2020,Estadual,TJSC,TJ - Santa Catarina,972.844895371915,0.0068803870248444,7252502,0.999961319555727,1.13798788012746,1156.12903225806,12.6236559139785,542910
2020,Estadual,TJSE,TJ - Sergipe,478.926279290867,0.0136325456196801,2318822,0.999934057721474,1.02184887495146,731.02479338843,13.8264462809917,136483
2020,Estadual,TJSP,TJ - São Paulo,686.279811097254,0.005084115969662,46289333,0.992708047920163,0.831231200039637,1363.15345268542,13.9964194373402,3350406
2020,Estadual,TJTO,TJ - Tocantins,485.368268876254,0.015071150052945,1590248,1.0,0.67685527814821,947.295918367347,10.9897959183673,113231
2020,Federal,TRF1,TRF 1ª Região,580.82163778929,0.0022140100390312,57694212,0.997634254126392,0.676415934040194,628.573863636364,12.4801136363636,256156
2020,Federal,TRF2,TRF 2ª Região,726.401340468275,0.002213473734387,21430241,1.0,1.60828333839611,450.916201117318,11.4916201117318,105344
2020,Federal,TRF3,TRF 3ª Região,603.217546899062,0.0010804345541014,49098727,0.996556579106159,0.866297920270325,814.252066115703,11.2396694214876,248590
2020,Federal,TRF4,TRF 4ª Região,372.500186834868,0.001796555549732,30192315,1.0,1.11506085027244,566.867507886435,10.4858044164038,245192
2020,Federal,TRF5,TRF 5ª Região,667.63865198637,0.0025187081351477,32047531,1.0,0.859592594154612,729.496,14.936,118555
2020,Trabalho,TRT1,TRT 01ª Região,516.133555287951,0.0026160944350054,17366189,0.999936036842779,0.972660319084779,613.159090909091,9.29545454545454,218876
2020,Trabalho,TRT10,TRT 10ª Região,392.532240401958,0.0020478746044019,4645397,1.0,1.00036744087103,432.72972972973,7.51351351351351,51709
2020,Trabalho,TRT11,TRT 11ª Região,274.728498467824,0.003731820242789,4838895,1.0,0.930539337898823,396.87037037037,7.59259259259259,31687
2020,Trabalho,TRT12,TRT 12ª Região,384.287177696292,0.0022477787072192,7252502,1.0,1.023285301355,665.08,7.72,93063
2020,Trabalho,TRT13,TRT 13ª Região,355.74114816088,0.0069120318704915,4039277,1.0,1.19117081056116,302.833333333333,8.5,25982
2020,Trabalho,TRT14,TRT 14ª Região,187.477279768667,0.0053252115319283,2690930,0.99996776273372,0.964184397163121,343.433962264151,6.67924528301887,31020
2020,Trabalho,TRT15,TRT 15ª Região,529.578455947755,0.0016083403608502,22877705,1.0,0.9314258432772,723.723183391003,6.82352941176471,330941
2020,Trabalho,TRT16,TRT 16ª Região,466.935057331056,0.0022409899838951,7114598,1.0,1.1024690268091,409.272727272727,6.38636363636364,33981
2020,Trabalho,TRT17,TRT 17ª Região,348.893283792682,0.0025567023786156,4064052,1.0,0.901051395634306,473.54,7.26,37474
2020,Trabalho,TRT18,TRT 18ª Região,271.89562380517,0.0026070092302012,7113540,1.0,0.857679332167746,690.780487804878,11.1341463414634,81218
2020,Trabalho,TRT19,TRT 19ª Região,461.724496261564,0.0038092999102655,3351543,1.0,1.16647626011059,333.35,8.425,21883
2020,Trabalho,TRT2,TRT 02ª Região,1061.89176367217,0.0021864636122006,23411628,1.0,1.11373844731978,608.090507726269,7.03973509933775,432800
2020,Trabalho,TRT20,TRT 20ª Região,605.838311264177,0.0042499495559827,2318822,1.0,1.43554835771041,341.0,7.60714285714286,19759
2020,Trabalho,TRT21,TRT 21ª Região,270.149771616315,0.0042082987400105,3534165,1.0,1.00135209363248,336.46511627907,7.97674418604651,23667
2020,Trabalho,TRT22,TRT 22ª Região,306.651112350499,0.0027873548533312,3281480,1.0,1.39027922342399,468.740740740741,6.25925925925926,22097
2020,Trabalho,TRT23,TRT 23ª Região,311.666448087432,0.001870487382556,3526220,1.0,0.9333660104022,347.969230769231,6.95384615384615,36723
2020,Trabalho,TRT24,TRT 24ª Região,496.439940085041,0.0022251798485767,2809394,1.0,1.15822628021375,433.52380952381,7.40476190476191,28257
2020,Trabalho,TRT3,TRT 03ª Região,314.763874272341,0.0028535921801148,21292666,0.999995305847506,1.03285906745967,571.782051282051,9.47863247863248,213031
2020,Trabalho,TRT4,TRT 04ª Região,434.957073091028,0.0036770744161486,11422973,1.0,0.960249442187768,492.031531531532,8.26576576576577,174790
2020,Trabalho,TRT5,TRT 05ª Região,504.708285760887,0.0037888214789364,14930634,1.0,1.15971261917882,312.401162790698,7.33139534883721,96179
2020,Trabalho,TRT6,TRT 06ª Região,484.533919389617,0.0044871987479848,9616621,1.0,1.10289951674721,469.451612903226,8.16129032258065,96016
2020,Trabalho,TRT7,TRT 07ª Região,338.438492553279,0.0027025662931361,9187103,1.0,1.02240713547615,533.031746031746,7.55555555555556,55161
2020,Trabalho,TRT8,TRT 08ª Região,227.123393558523,0.0027329637244763,9552518,0.999588350313883,1.01292580014408,363.989010989011,8.31868131868132,48585
2020,Trabalho,TRT9,TRT 09ª Região,397.517562514606,0.0022652323894463,11516840,1.0,1.00873993121213,504.201219512195,7.89024390243902,134326
2021,Estadual,TJAC,TJ - Acre,566.397631529676,0.0143074937261514,906876,1.0,0.73951607007968,768.46511627907,22.7209302325581,41039
2021,Estadual,TJAL,TJ - Alagoas,1056.16099061683,0.0090568750876214,3365351,0.997820617935403,0.910988710660752,1124.64347826087,11.495652173913,142701
2021,Estadual,TJAM,TJ - Amazonas,843.549186851955,0.0056852936123715,4269995,0.999772920806131,0.882805847289242,813.595890410959,7.98630136986301,140920
2021,Estadual,TJAP,TJ - Amapá,583.849554818436,0.0181774347794916,877613,1.0,0.888574440930026,613.318181818182,14.0227272727273,36042
2021,Estadual,TJBA,TJ - Bahia,1346.60466098117,0.0109819491971439,14985284,1.0,0.500241512021066,1152.58848614072,9.78038379530917,577611
2021,Estadual,TJCE,TJ - Ceará,1127.13061019589,0.0067954667024266,9240580,0.999913600829432,1.11035414060025,852.083850931677,13.2298136645963,312503
2021,Estadual,TJDFT,TJ - Distrito Federal,385.677688792807,0.0106622131961375,3094325,1.0,0.924193518891043,722.225409836066,14.0532786885246,218728
2021,Estadual,TJES,TJ - Espírito Santo,1222.40389043083,0.008372590223424,4108508,0.759362471353326,0.917251450793356,673.355555555556,8.53333333333333,182831
2021,Estadual,TJGO,TJ - Goiás,1207.26627176629,0.009301431357835,7206589,1.0,1.09481659563618,1254.84860557769,15.996015936255,384342
2021,Estadual,TJMA,TJ - Maranhão,1027.1514576044,0.0104113602909313,7153262,0.995287089751285,1.04127969541885,995.668016194332,11.8421052631579,281567
2021,Estadual,TJMG,TJ - Minas Gerais,1113.08829891865,0.0078544124389258,21411923,0.885193150555285,1.15597161620744,1067.72496473907,13.4612129760226,919257
2021,Estadual,TJMS,TJ - Mato Grosso do Sul,711.767570159177,0.0076944843385512,2839188,0.996763528369376,1.04412102516982,1196.13580246914,11.179012345679,243784
2021,Estadual,TJMT,TJ - Mato Grosso,1036.14680382938,0.0068685668207332,3567234,1.0,1.06481274310695,996.821052631579,12.4526315789474,232408
2021,Estadual,TJPA,TJ - Pará,1675.72994654059,0.0052900930397746,8777124,0.986341953537288,1.00124889665145,650.889273356401,10.6089965397924,212988
2021,Estadual,TJPB,TJ - Paraíba,1153.59942271858,0.0103695451268951,4059905,1.0,1.2237238491394,644.703349282297,10.8755980861244,179583
2021,Estadual,TJPE,TJ - Pernambuco,1052.7801574928,0.0085222681718287,9674793,0.971909428714227,1.25640713618288,1028.02179176755,11.1331719128329,460190
2021,Estadual,TJPI,TJ - Piauí,1038.27808430565,0.0105427149912126,3289290,0.998829768879354,0.758729849145206,998.056910569106,13.6178861788618,133307
2021,Estadual,TJPR,TJ - Paraná,727.475324820294,0.005041808539888,11597484,1.0,0.979361281887223,868.215151515152,8.27121212121212,718940
2021,Estadual,TJRJ,TJ - Rio de Janeiro,1358.00889568796,0.006615516967852,17463349,0.994367189327739,1.50809357681335,1986.18539325843,16.2565543071161,1166913
2021,Estadual,TJRN,TJ - Rio Grande do Norte,923.863408886622,0.0105652508871427,3560903,0.999450759384851,0.971511128092463,579.838323353293,9.73053892215569,125628
2021,Estadual,TJRO,TJ - Rondônia,508.155068136579,0.0124519317539032,1815278,0.992156546947979,1.01374617490739,1037.12765957447,15.9148936170213,124180
2021,Estadual,TJRR,TJ - Roraima,392.960567979418,0.0155315471060447,652713,1.0,1.11356375254139,610.324324324324,13.5405405405405,30987
2021,Estadual,TJRS,TJ - Rio Grande do Sul,792.373970592584,0.0065205853146638,11466630,0.980232586788873,0.922004582748171,1393.45090180361,9.76753507014028,811740
2021,Estadual,TJSC,TJ - Santa Catarina,845.138856473151,0.0056860914253324,7338473,0.999922963574884,1.12407289940518,1365.93611111111,13.8388888888889,610101
2021,Estadual,TJSE,TJ - Sergipe,479.556934876619,0.012749109342928,2338474,0.99996407744902,0.829733095446218,928.9609375,13.3828125,167026
2021,Estadual,TJSP,TJ - São Paulo,668.476840343666,0.0047024690106409,46649132,0.960156476514932,0.740456246375761,1859.24555160142,13.5404168784952,4414720
2021,Estadual,TJTO,TJ - Tocantins,571.058970073964,0.012873836042087,1607363,1.0,0.784992289124313,884.8,9.43,119312
2021,Federal,TRF1,TRF 1ª Região,708.495492491761,0.0019181904439582,58202946,0.999305687247279,0.774623633549682,855.240853658537,13.6036585365854,326942
2021,Federal,TRF2,TRF 2ª Região,676.112361213916,0.0017903707240412,21571857,1.0,1.30775462962963,497.97311827957,10.994623655914,120960
2021,Federal,TRF3,TRF 3ª Região,654.190551304076,0.0009606296537268,49488320,0.999636974346187,1.05141396658697,974.849137931035,12.0560344827586,272708
2021,Federal,TRF4,TRF 4ª Região,389.468029272331,0.0015447727073468,30402587,1.0,1.10005225463376,579.448170731707,10.4359756097561,260264
2021,Federal,TRF5,TRF 5ª Região,641.882448515374,0.0021965223116235,32240006,1.0,0.841064211766753,806.608,17.712,126441
2021,Trabalho,TRT1,TRT 01ª Região,652.510933649165,0.0021241132748159,17463349,0.999880005567742,0.975655529583427,648.442922374429,9.25570776255708,208343
2021,Trabalho,TRT10,TRT 10ª Região,416.689653935808,0.0018752854458029,4701688,1.0,1.06245819397993,358.705882352941,6.8,47840
2021,Trabalho,TRT11,TRT 11ª Região,325.381692654518,0.0034037982875949,4922708,1.0,1.08433734939759,369.589285714286,7.41071428571429,27307
2021,Trabalho,TRT12,TRT 12ª Região,396.300089298303,0.0018378081938971,7338473,1.0,1.09209402994048,576.038461538462,7.39423076923077,83165
2021,Trabalho,TRT13,TRT 13ª Região,275.973024421952,0.0062675336349085,4059905,1.0,1.21682530337226,403.471698113208,7.69811320754717,30573
2021,Trabalho,TRT14,TRT 14ª Região,203.633604864617,0.0044667196630576,2722154,1.0,1.07791305498577,310.269230769231,6.78846153846154,30226
2021,Trabalho,TRT15,TRT 15ª Região,568.997542812349,0.0013956548645509,23072288,1.0,0.935003734508121,674.383870967742,6.13870967741935,315972
2021,Trabalho,TRT16,TRT 16ª Região,410.941838944674,0.0019064059340512,7153262,1.0,1.05551667306346,643.268292682927,6.19512195121951,44293
2021,Trabalho,TRT17,TRT 17ª Região,390.650209441333,0.001812300778798,4108508,1.0,1.05435556610491,422.156862745098,7.19607843137255,33704
2021,Trabalho,TRT18,TRT 18ª Região,281.530455725608,0.0021153606939392,7206589,1.0,1.09692914736662,662.817073170732,9.73170731707317,75777
2021,Trabalho,TRT19,TRT 19ª Região,454.409193029328,0.0032104315643143,3365351,1.0,1.12635269673621,421.615384615385,8.48717948717949,23102
2021,Trabalho,TRT2,TRT 02ª Região,1106.68912037901,0.0019406648034042,23576844,1.0,1.07074815468735,689.90990990991,7.10135135135135,432718
2021,Trabalho,TRT20,TRT 20ª Região,395.732223476298,0.003710053097297,2338474,1.0,1.01828686823358,455.230769230769,8.30769230769231,17827
2021,Trabalho,TRT21,TRT 21ª Região,284.015847649487,0.0037999976429499,3560903,1.0,1.08089138445341,371.809523809524,8.16666666666667,22796
2021,Trabalho,TRT22,TRT 22ª Região,339.198727833462,0.0025137500890817,3289290,1.0,1.24795385454829,605.740740740741,6.0,25658
2021,Trabalho,TRT23,TRT 23ª Região,325.42746136482,0.0014663626383237,3567234,1.0,1.04798366513527,341.53125,7.328125,33303
2021,Trabalho,TRT24,TRT 24ª Região,424.047795552087,0.0019711100818525,2839188,1.0,1.23675588116187,365.4,6.57777777777778,27163
2021,Trabalho,TRT3,TRT 03ª Região,292.436899596384,0.0022789612587699,21411923,1.0,1.12475290014198,660.695067264574,9.65022421524664,219041
2021,Trabalho,TRT4,TRT 04ª Região,424.265256600208,0.0030171015404067,11466630,1.0,0.931935429142344,482.51598173516,8.37899543378995,159143
2021,Trabalho,TRT5,TRT 05ª Região,514.171743663607,0.0033082257519395,14985284,1.0,0.855691265523966,371.131736526946,7.38922155688623,97430
2021,Trabalho,TRT6,TRT 06ª Região,442.24936318089,0.0039768776454278,9674793,1.0,1.15001360050775,472.365853658537,7.75609756097561,88232
2021,Trabalho,TRT7,TRT 07ª Região,354.247098976109,0.0023658350827685,9240580,1.0,1.07435329426897,569.3125,7.6875,55976
2021,Trabalho,TRT8,TRT 08ª Região,269.061990855101,0.0022741678249802,9654737,0.999581717240855,1.06494790478363,441.081395348837,8.95348837209302,52596
2021,Trabalho,TRT9,TRT 09ª Região,405.405063720174,0.0020266025980741,11597484,1.0,1.07550513186358,518.185185185185,8.08024691358025,130362
2022,Estadual,TJAC,TJ - Acre,610.123886347219,0.0151158857424473,829780,1.0,0.813493556579814,528.9375,16.90625,42524
2022,Estadual,TJAL,TJ - Alagoas,1025.95719333546,0.0079871881060519,3125254,0.999822342559527,0.966755570347849,3494.0243902439,10.5528455284553,444676
2022,Estadual,TJAM,TJ - Amazonas,786.627266960524,0.0059938477444121,3952262,0.999994765274928,0.823443192763516,1139.79562043796,10.956204379562,191032
2022,Estadual,TJAP,TJ - Amapá,556.903565992607,0.0191544581644661,774268,1.0,0.939619801403287,537.947368421053,10.0701754385965,41189
2022,Estadual,TJBA,TJ - Bahia,1540.74088640145,0.0113641188269863,14659023,1.0,0.81894909944166,1225.29203539823,10.0730088495575,615396
2022,Estadual,TJCE,TJ - Ceará,1077.4131347146,0.0071217808991963,8936431,0.999961996860356,1.11561432075235,822.170798898072,11.3057851239669,342077
2022,Estadual,TJDFT,TJ - Distrito Federal,380.228095414888,0.0103326121267903,2923369,1.0,0.944921879734791,842.406926406926,15.6753246753247,247503
2022,Estadual,TJES,TJ - Espírito Santo,1209.43601772605,0.0080737475936395,3975100,0.900427056975421,0.874479112775024,822.559633027523,8.78440366972477,212618
2022,Estadual,TJGO,TJ - Goiás,1219.8152160013,0.0091252628262595,6950976,1.0,1.32938076416337,1532.8893442623,16.0614754098361,451605
2022,Estadual,TJMA,TJ - Maranhão,940.791891937871,0.0113209214611848,6800605,0.999708715901943,1.09018651478577,1034.73461538462,11.4461538461538,322709
2022,Estadual,TJMG,TJ - Minas Gerais,1040.77058333777,0.0085941746225082,20732660,0.968240253735944,1.11242431172137,1214.62608695652,13.7231884057971,1005770
2022,Estadual,TJMS,TJ - Mato Grosso do Sul,813.428771832648,0.0084321522266502,2833742,0.998167510303433,1.09152421652422,1421.84337349398,11.7168674698795,289224
2022,Estadual,TJMT,TJ - Mato Grosso,1002.54020458944,0.0075224993567644,3784239,1.0,1.14709037546807,953.703883495146,12.1796116504854,247025
2022,Estadual,TJPA,TJ - Pará,1552.64494560234,0.0062797813058309,8442962,0.993800760572532,1.00146763744769,760.903333333333,9.92,261645
2022,Estadual,TJPB,TJ - Paraíba,993.036129834435,0.0180185523062934,4030961,1.0,1.07477378889666,708.821596244131,10.7652582159624,197382
2022,Estadual,TJPE,TJ - Pernambuco,1052.07652125687,0.0090018841865421,9051113,0.998887175705571,1.13404073971212,1217.62340966921,11.4427480916031,522095
2022,Estadual,TJPI,TJ - Piauí,1034.53209864352,0.0121894559451227,3270174,0.999931012856695,0.787563499529633,1165.44881889764,11.5984251968504,159450
2022,Estadual,TJPR,TJ - Paraná,781.350899859557,0.0051469327542844,11835379,1.0,1.10265031620418,974.447040498442,8.67445482866044,786359
2022,Estadual,TJRJ,TJ - Rio de Janeiro,1321.25406203381,0.007025395786152,16615526,0.996676766393914,1.10642663183168,2156.41366906475,15.3201438848921,1322808
2022,Estadual,TJRN,TJ - Rio Grande do Norte,892.64374527303,0.0117406926121829,3303953,0.9999449220923,0.816171975259004,889.364779874214,11.5849056603774,181561
2022,Estadual,TJRO,TJ - Rondônia,537.873111918392,0.0145327415252983,1616379,0.99951466704732,1.0168153593605,1189.42222222222,15.5,140110
2022,Estadual,TJRR,TJ - Roraima,384.027636702218,0.0170351754003539,634805,1.0,1.00944127581815,802.757575757576,15.9090909090909,36118
2022,Estadual,TJRS,TJ - Rio Grande do Sul,949.530431250114,0.0070626786544552,11088065,0.994686129240774,1.01835641847705,1335.67708333333,8.72743055555556,925126
2022,Estadual,TJSC,TJ - Santa Catarina,845.415945204001,0.0063286323538393,7762154,0.999997229022662,1.01423866704906,1652.87215909091,14.4772727272727,721767
2022,Estadual,TJSE,TJ - Sergipe,499.087536444594,0.0125402880285823,2211868,0.999982796685495,0.912337643719357,987.650406504065,13.6341463414634,174385
2022,Estadual,TJSP,TJ - São Paulo,852.180944632777,0.0046959173394066,46024937,0.935091247863767,0.850474421887801,2120.74183350896,13.8793466807165,5134038
2022,Estadual,TJTO,TJ - Tocantins,580.659885371327,0.01292169696099,1584306,1.0,0.859370640444609,1237.2380952381,12.4642857142857,132611
2022,Federal,TRF1,TRF 1ª Região,750.999727370213,0.001413961566279,56223148,0.999446847513226,0.949183939281867,1148.2149122807,13.890350877193,310945
2022,Federal,TRF2,TRF 2ª Região,561.226988583193,0.0017124871017278,20590626,1.0,1.35051126105514,536.32183908046,11.1896551724138,120193
2022,Federal,TRF3,TRF 3ª Região,813.681107046456,0.0009087681750823,48858679,0.999707021298278,1.18186759061109,875.367713004484,12.3273542600897,235512
2022,Federal,TRF4,TRF 4ª Região,394.072807134301,0.0014876346637647,30685598,1.0,1.08198817778788,697.025974025974,10.6233766233766,281504
2022,Federal,TRF5,TRF 5ª Região,610.931991835408,0.002168157748143,30659580,1.0,1.15823544542571,761.478991596639,17.5882352941176,116630
2022,Federal,TRF6,TRF6,587.402671118531,0.0003529948929624,20732660,0.999366265301358,1.11867516093526,524.346153846154,20.6730769230769,29981
2022,Trabalho,TRT1,TRT 01ª Região,680.022962592978,0.0020462479838533,16615526,0.999939755127765,1.13526827505028,690.721153846154,9.36057692307692,215786
2022,Trabalho,TRT10,TRT 10ª Região,404.416687560942,0.0018292972867425,4507675,1.0,1.15034991632436,405.09756097561,5.96341463414634,52584
2022,Trabalho,TRT11,TRT 11ª Região,263.081549408084,0.0034292993541032,4587067,1.0,1.10133091349062,524.571428571429,7.58928571428571,39672
2022,Trabalho,TRT12,TRT 12ª Região,331.318899589825,0.0018297588107615,7762154,1.0,1.03775355837502,651.851485148515,7.44554455445545,90561
2022,Trabalho,TRT13,TRT 13ª Região,227.562377786469,0.0060454887726145,4030961,1.0,1.14554979951415,402.345454545455,7.36363636363636,34167
2022,Trabalho,TRT14,TRT 14ª Região,160.359590904145,0.0043574303076847,2446159,1.0,1.05311794337328,322.148148148148,5.62962962962963,28785
2022,Trabalho,TRT15,TRT 15ª Região,516.533348952489,0.0013818126025551,22615132,1.0,0.99605180267142,777.457337883959,6.74402730375427,344461
2022,Trabalho,TRT16,TRT 16ª Região,341.738351125216,0.0018916262021295,6800605,1.0,1.36351924825705,554.609756097561,6.36585365853659,39588
2022,Trabalho,TRT17,TRT 17ª Região,443.043080472573,0.0017820518546583,3975100,1.0,1.09095558775893,448.528301886792,6.79245283018868,35193
2022,Trabalho,TRT18,TRT 18ª Região,291.418351116708,0.0021018818175536,6950976,1.0,1.15751523762731,648.839506172839,9.75308641975309,75307
2022,Trabalho,TRT19,TRT 19ª Região,457.264775034733,0.0032464633457381,3125254,1.0,1.21315598755169,410.076923076923,8.12820512820513,23457
2022,Trabalho,TRT2,TRT 02ª Região,1211.30344794224,0.0018732986795073,23409805,1.0,1.15325332465669,782.497663551402,7.21495327102804,479448
2022,Trabalho,TRT20,TRT 20ª Região,376.019006889998,0.0037685084178586,2211868,1.0,1.0718387631143,479.884615384615,8.07692307692308,18110
2022,Trabalho,TRT21,TRT 21ª Região,300.26025536539,0.0037863443201295,3303953,1.0,1.23372287145242,393.512195121951,8.34146341463415,25757
2022,Trabalho,TRT22,TRT 22ª Região,274.322843695271,0.0024552389016136,3270174,1.0,1.05411421553577,613.923076923077,6.07692307692308,26056
2022,Trabalho,TRT23,TRT 23ª Região,301.58579262422,0.0014057348554422,3784239,1.0,1.07784956295495,355.469696969697,6.77272727272727,34207
2022,Trabalho,TRT24,TRT 24ª Região,388.120274914089,0.0020082356433691,2833742,1.0,1.33236921978218,397.425531914894,6.40425531914894,28005
2022,Trabalho,TRT3,TRT 03ª Região,281.16058403027,0.0022552665625074,20732660,1.0,1.12024307543265,707.272727272727,9.65454545454545,227090
2022,Trabalho,TRT4,TRT 04ª Região,529.244857533267,0.0029183340489779,11088065,1.0,1.05557779799818,515.174311926605,8.20642201834862,164850
2022,Trabalho,TRT5,TRT 05ª Região,539.506329922253,0.003333326922956,14659023,1.0,1.0356802761576,367.969696969697,7.07878787878788,100812
2022,Trabalho,TRT6,TRT 06ª Região,431.895844827086,0.0039078428028616,9051113,1.0,1.18683761950641,516.136752136752,8.18803418803419,94451
2022,Trabalho,TRT7,TRT 07ª Região,306.995643725042,0.0023275198801611,8936431,1.0,1.24611610793132,619.19696969697,7.48484848484848,63596
2022,Trabalho,TRT8,TRT 08ª Região,225.9472786835,0.0022443784971661,9217230,0.999985082197094,1.08849240683832,503.702380952381,8.61904761904762,67034
2022,Trabalho,TRT9,TRT 09ª Região,365.640430969682,0.0019909203055285,11835379,1.0,1.14035371548333,577.254777070064,7.5796178343949,135985
2023,Estadual,TJAC,TJ - Acre,592.146302866331,0.0138939202244495,830018,1.0,1.10635445720093,590.587301587302,16.7142857142857,46251
2023,Estadual,TJAL,TJ - Alagoas,1045.06914088459,0.0074523293469785,3127683,0.999034001767571,1.07334735515165,1024.15447154472,10.9512195121951,145963
2023,Estadual,TJAM,TJ - Amazonas,728.763815761539,0.0061603070066278,3941613,0.999973906301255,0.884695672919214,1708.3046875,9.7890625,268264
2023,Estadual,TJAP,TJ - Amapá,562.948494176637,0.0205062349129872,733759,1.0,1.0084620880593,644.921568627451,10.843137254902,44788
2023,Estadual,TJBA,TJ - Bahia,1569.01536229704,0.0122857306327006,14141626,1.0,1.28594836904373,1125.08438818565,9.59071729957806,609673
2023,Estadual,TJCE,TJ - Ceará,946.912144284908,0.0067903405383518,8794957,0.999950368513785,1.07013921631883,1060.74695121951,13.2042682926829,402970
2023,Estadual,TJDFT,TJ - Distrito Federal,391.958280315741,0.0106342760939081,2817381,1.0,1.20647635967214,858.19730941704,15.7847533632287,247670
2023,Estadual,TJES,TJ - Espírito Santo,1109.9823066198,0.0088137047334387,3833712,0.958466651430313,0.966489544052108,909.713567839196,9.46231155778895,210024
2023,Estadual,TJGO,TJ - Goiás,1038.6333743369,0.0089793984484979,7056495,1.0,1.217795718426,1586.65779467681,18.1178707224335,556898
2023,Estadual,TJMA,TJ - Maranhão,833.695827522521,0.0113462313019868,6775805,0.999963985933935,1.01896397821663,1217.73977695167,11.5910780669145,388737
2023,Estadual,TJMG,TJ - Minas Gerais,948.196083752662,0.0093260946521386,20539989,0.975939974806544,1.01962692827366,1350.38863976084,13.7189835575486,1093141
2023,Estadual,TJMS,TJ - Mato Grosso do Sul,723.366344391863,0.0079108874279105,2757013,0.999302353344973,1.01567279998806,1302.93081761006,12.6352201257862,268044
2023,Estadual,TJMT,TJ - Mato Grosso,939.546044178249,0.0089881473770965,3658649,1.0,1.11465147481039,1300.65363128492,14.463687150838,287698
2023,Estadual,TJPA,TJ - Pará,1071.51058180237,0.006782387186865,8121025,0.999977415420751,0.935853342195092,844.470219435737,9.92476489028213,309946
2023,Estadual,TJPB,TJ - Paraíba,873.565825148749,0.0112880673550017,3974687,1.0,1.04031034291319,806.504950495049,11.3465346534653,216148
2023,Estadual,TJPE,TJ - Pernambuco,943.151099452744,0.0089209216490069,9058931,0.99956923867077,1.0623630572457,1160.31382978723,11.7340425531915,482866
2023,Estadual,TJPI,TJ - Piauí,960.47699312152,0.0124355766402774,3271199,1.0,0.900365427391166,1281.55813953488,12.4341085271318,188820
2023,Estadual,TJPR,TJ - Paraná,748.592488184232,0.0059044481036193,11444380,1.0,1.0717268525223,1021.58950617284,8.69907407407407,842446
2023,Estadual,TJRJ,TJ - Rio de Janeiro,1196.84076528505,0.0093586581587478,16055174,0.99827868048016,1.27279655766765,2187.18336483932,15.820415879017,1304232
2023,Estadual,TJRN,TJ - Rio Grande do Norte,868.112013655895,0.0122354447744311,3302729,1.0,1.12537707038855,660.287958115183,9.72251308900524,160779
2023,Estadual,TJRO,TJ - Rondônia,480.263727234059,0.0161447254655623,1581196,1.0,0.969617229231973,1281.15053763441,17.9462365591398,164929
2023,Estadual,TJRR,TJ - Roraima,298.245263947308,0.0172190550560615,636707,1.0,0.917569618088949,1017.85294117647,17.3823529411765,46791
2023,Estadual,TJRS,TJ - Rio Grande do Sul,940.926851712238,0.0075427665855346,10882965,0.998517332825557,1.02118875196119,1419.00508474576,8.53220338983051,1008318
2023,Estadual,TJSC,TJ - Santa Catarina,803.448833342249,0.0065909223497794,7610361,1.0,1.05411900165939,1786.47021943574,15.692789968652,738225
2023,Estadual,TJSE,TJ - Sergipe,465.034390917569,0.0126312004914575,2210004,0.999989346798979,0.925310407644737,1092.89915966387,13.8319327731092,187737
2023,Estadual,TJSP,TJ - São Paulo,855.036883480414,0.0049004338854802,44411238,0.984720657761247,0.957222111092075,2129.55784469097,14.2857897517169,5434069
2023,Estadual,TJTO,TJ - Tocantins,595.886698173583,0.0138984951604976,1511460,1.0,0.9190498088696,1261.68235294118,11.1294117647059,139172
2023,Federal,TRF1,TRF 1ª Região,728.561483787893,0.0013791025439078,55076933,0.99994736823638,0.995484194681385,1081.7533632287,14.2959641255605,284999
2023,Federal,TRF2,TRF 2ª Região,557.935512809454,0.001636379900652,19888886,1.0,1.22420273054175,611.659217877095,10.9888268156425,135431
2023,Federal,TRF3,TRF 3ª Região,772.294293001226,0.0008812629140284,47168251,0.999920143879896,1.27754515342791,1003.98795180723,10.7429718875502,288018
2023,Federal,TRF4,TRF 4ª Região,429.308648183779,0.0015548199235452,29937706,1.0,0.953500936838715,750.405498281787,11.1649484536082,288737
2023,Federal,TRF5,TRF 5ª Região,640.946447272381,0.002236305437502,30468991,1.0,1.10475968268782,984.432432432432,17.6036036036036,132866
2023,Federal,TRF6,TRF6,619.777574037326,0.0010684685741374,20539989,0.999932080597691,1.41984378537469,794.669902912621,11.4563106796117,88340
2023,Trabalho,TRT1,TRT 01ª Região,641.172327500959,0.001913703936925,16055174,0.999996412929238,1.13673196331144,821.338461538462,9.94358974358974,278779
2023,Trabalho,TRT10,TRT 10ª Região,337.946533039225,0.0017787581806533,4328841,1.0,1.0002335293148,481.25,6.5125,72796
2023,Trabalho,TRT11,TRT 11ª Região,182.460468166396,0.0034905253326101,4578320,1.0,0.994001602056594,597.22641509434,8.84905660377358,53681
2023,Trabalho,TRT12,TRT 12ª Região,290.068271361734,0.001797148474803,7610361,1.0,0.964531339850489,723.721153846154,7.5,130425
2023,Trabalho,TRT13,TRT 13ª Região,154.369307657359,0.0059775294523413,3974687,1.0,0.960855907310705,508.709090909091,8.38181818181818,49024
2023,Trabalho,TRT14,TRT 14ª Região,129.289804908748,0.0042998821813501,2411214,1.0,1.07174983285723,375.270833333333,7.60416666666667,32906
2023,Trabalho,TRT15,TRT 15ª Região,454.854953687498,0.0013528640606336,22247236,1.0,0.947453043760591,931.713768115942,7.40217391304348,449674
2023,Trabalho,TRT16,TRT 16ª Região,256.376810024194,0.0018761198353581,6775805,1.0,1.16187331653489,624.945945945946,6.83783783783784,46036
2023,Trabalho,TRT17,TRT 17ª Região,414.376972989286,0.0017568045837077,3833712,1.0,1.09204511470927,571.8,7.91111111111111,46814
2023,Trabalho,TRT18,TRT 18ª Região,230.56,0.0020792084648208,7056495,1.0,0.995688475225842,795.259259259259,9.88888888888889,102284
2023,Trabalho,TRT19,TRT 19ª Região,602.756397637795,0.0030712569827589,3127683,1.0,1.23796856106409,473.5,7.075,37215
2023,Trabalho,TRT2,TRT 02ª Região,1529.11192798173,0.0018315721688002,22164002,1.0,1.22108042097256,909.26213592233,7.60194174757282,673108
2023,Trabalho,TRT20,TRT 20ª Região,311.138250533374,0.0036291347573039,2210004,1.0,1.0840720855704,600.0,8.29166666666667,24027
2023,Trabalho,TRT21,TRT 21ª Região,184.513162247743,0.003705240887923,3302729,1.0,1.07614140954116,484.875,8.875,35132
2023,Trabalho,TRT22,TRT 22ª Região,223.417234635216,0.0024622653667887,3271199,1.0,1.39495294161761,658.086956521739,7.1304347826087,26669
2023,Trabalho,TRT23,TRT 23ª Região,261.24009088614,0.0014097513292487,3658649,1.0,0.955802262253875,472.065573770492,7.49180327868852,57288
2023,Trabalho,TRT24,TRT 24ª Região,247.546473494126,0.0020174657957172,2757013,1.0,1.00728897249001,463.916666666667,6.52083333333333,42530
2023,Trabalho,TRT3,TRT 03ª Região,233.989878161112,0.0022030144380864,20539989,1.0,1.02491302435318,828.061611374408,9.86729857819905,300084
2023,Trabalho,TRT4,TRT 04ª Região,488.973538631118,0.0028163834580486,10882965,1.0,1.06419312554617,583.323943661972,8.91079812206573,219712
2023,Trabalho,TRT5,TRT 05ª Região,475.4181942165,0.0031309159981587,14141626,1.0,1.1189911048507,432.748387096774,7.67741935483871,128497
2023,Trabalho,TRT6,TRT 06ª Região,347.378086269152,0.0036744164773743,9058931,1.0,1.08239786602309,595.534482758621,8.47413793103448,125962
2023,Trabalho,TRT7,TRT 07ª Região,218.530054114863,0.0022527161294737,8794957,1.0,1.0417815630563,794.133333333333,8.11666666666667,85947
2023,Trabalho,TRT8,TRT 08ª Região,139.992325571197,0.0022705032523809,8854784,1.0,0.981381577296565,570.714285714286,9.11904761904762,79706
2023,Trabalho,TRT9,TRT 09ª Região,284.064768389386,0.0019483612404396,11444380,1.0,1.02889886421219,686.42,7.76,195371
